<fop version="1.0">
    <renderers>
        <renderer mime="application/pdf">
            <font-base>./</font-base>
            <fonts>
                <font kerning="yes" embed-url="file:///C:/Users/jdurrant3/OneDrive - DXC Production/Desktop/Notes/Walgreen Boots/Condensed Fonts/Heathergreen-XPPG.ttf">
                    <font-triplet name="Heathergreen" style="normal"
                                  weight="normal" />
                </font>
                <font kerning="yes" embed-url="file:///C:/Users/jdurrant3/OneDrive - DXC Production/Desktop/Notes/Walgreen Boots/Condensed Fonts/Cramaten-9YKGZ.ttf">
                    <font-triplet name="Cramaten" style="normal"
                                  weight="normal" />
                </font>
            </fonts>
        </renderer>
    </renderers>
</fop>