{
	"config":
	[
		{"labelName":"STTHED_M","xslFileName":"2in.xsl"},
		{"labelName":"OUTASG","xslFileName":"3in.xsl"},
		{"labelName":"OUTDET","xslFileName":"3in.xsl"},
		{"labelName":"OUTHED","xslFileName":"3in.xsl"},
		{"labelName":"OUTADR","xslFileName":"3in.xsl"},
		{"labelName":"STTASG","xslFileName":"3in.xsl"},
		{"labelName":"STTDET","xslFileName":"3in.xsl"},
		{"labelName":"STTDET_M","xslFileName":"3in.xsl"},
		{"labelName":"TWNTRY","xslFileName":"4in.xsl"},
		{"labelName":"REPDTL","xslFileName":"4in.xsl"},
		{"labelName":"ASGNMT","xslFileName":"4in.xsl"},
		{"labelName":"POHEAD","xslFileName":"4in.xsl"},
		{"labelName":"PODETL","xslFileName":"4in.xsl"},
		{"labelName":"RECAP1","xslFileName":"4in.xsl"},
		{"labelName":"COMBIT","xslFileName":"4in.xsl"},
		{"labelName":"EMPTAG","xslFileName":"4in.xsl"},
		{"labelName":"FRETWN","xslFileName":"4in.xsl"},
		{"labelName":"GATHER","xslFileName":"4in.xsl"},
		{"labelName":"GRAOVR","xslFileName":"4in.xsl"},
		{"labelName":"PALTG1","xslFileName":"4in.xsl"},
		{"labelName":"PALTG2","xslFileName":"4in.xsl"},
		{"labelName":"SHWMAT2","xslFileName":"4in.xsl"},
		{"labelName":"AMTDTL","xslFileName":"8in.xsl"},
		{"labelName":"AMTHED","xslFileName":"8in.xsl"},
		{"labelName":"AMTNEW","xslFileName":"8in.xsl"},
		{"labelName":"LOCLAB","xslFileName":"8in.xsl"}
	]
}