<?xml version="1.0" encoding="UTF-8"?><labeldata>
    <page>
        <TWNTRY>
            <AF02>BURT</AF02>
            <AF03>14499081</AF03>
            <AF04>26/04/21</AF04>
            <AF05>4910 </AF05>
            <AF06>B.COM</AF06>
            <AF07>   </AF07>
            <BF08>05014910024379</BF08>
            <AF09>05014910024379</AF09>
            <AF10>0001</AF10>
            <AF11>IMMEDIATE SUPPLY    </AF11>
            <AF12> </AF12>
            <AF13>                         </AF13>
            <AF14>REPLN</AF14>
            <AF15>        </AF15>
            <AF16>        </AF16>
            <AF17>        </AF17>
            <AF18>        </AF18>
            <AF19>        </AF19>
            <AF20>        </AF20>
            <AF21>        </AF21>
            <AF22>        </AF22>
            <AF23>        </AF23>
            <AF24>        </AF24>
            <AF25>        </AF25>
            <AF26>        </AF26>
            <AF27>    </AF27>
            <AF28>                              </AF28>
            <AF29>                              </AF29>
            <AF30>                              </AF30>
            <AF31>                              </AF31>
            <AF32>                              </AF32>
            <BF33>14499081</BF33>
            <AF35> 538</AF35>
            <AF36>GIFT</AF36>
            <AF37>-----</AF37>
        </TWNTRY>
    </page>
</labeldata>
